{
  "aggregated": [
    {
      "dataset": "mnist",
      "strategy": "exact_retraining",
      "n_seeds": 10,
      "utility_accuracy_test_mean": 0.9871856250000001,
      "utility_accuracy_test_std": 0.0006643538658183375,
      "unlearning_score_mean": 0.011680687499999997,
      "unlearning_score_std": 0.0006886915463449098,
      "forget_confidence_mean_unlearned_mean": 0.9855823143571616,
      "forget_confidence_mean_unlearned_std": 0.0005752030273132602,
      "forget_entropy_mean_unlearned_mean": 0.045238401144742965,
      "forget_entropy_mean_unlearned_std": 0.0018402532526935111,
      "mia_accuracy_unlearned_mean": 0.5034575,
      "mia_accuracy_unlearned_std": 0.0014735827047214997,
      "mia_improvement_mean": -0.0038364583333333367,
      "mia_improvement_std": 0.0029121085828886857,
      "js_divergence_mean_mean": 0.009183335045236163,
      "js_divergence_mean_std": 0.0004445481862947256,
      "activation_cosine_similarity_mean": -0.01000887391213837,
      "activation_cosine_similarity_std": 0.007001985483054656,
      "retrain_fraction_mean": 0.7375,
      "retrain_fraction_std": 0.0
    },
    {
      "dataset": "mnist",
      "strategy": "federated_exact_retraining",
      "n_seeds": 10,
      "utility_accuracy_test_mean": 0.9918967500000001,
      "utility_accuracy_test_std": 0.00020050128151432103,
      "unlearning_score_mean": 0.006112937500000001,
      "unlearning_score_std": 0.00021810481242143194,
      "forget_confidence_mean_unlearned_mean": 0.9972704812884331,
      "forget_confidence_mean_unlearned_std": 8.257071840452106e-05,
      "forget_entropy_mean_unlearned_mean": 0.006938939211540855,
      "forget_entropy_mean_unlearned_std": 0.0002205455994551829,
      "mia_accuracy_unlearned_mean": 0.49829187499999994,
      "mia_accuracy_unlearned_std": 0.0010620294210268212,
      "mia_improvement_mean": 0.0001520833333333353,
      "mia_improvement_std": 0.0020567901697716136,
      "js_divergence_mean_mean": 0.0042059244189294985,
      "js_divergence_mean_std": 0.00013118421151250218
    },
    {
      "dataset": "mnist",
      "strategy": "sisa",
      "n_seeds": 10,
      "utility_accuracy_test_mean": 0.986258125,
      "utility_accuracy_test_std": 0.00036760733976618783,
      "unlearning_score_mean": 0.012473749999999995,
      "unlearning_score_std": 0.0004530978440138543,
      "forget_confidence_mean_unlearned_mean": 0.21977817762643098,
      "forget_confidence_mean_unlearned_std": 0.0001387441243492636,
      "forget_entropy_mean_unlearned_mean": 2.2384742933511736,
      "forget_entropy_mean_unlearned_std": 0.00010713878723029398,
      "mia_accuracy_unlearned_mean": 0.5027902083333333,
      "mia_accuracy_unlearned_std": 0.0022927545923530977,
      "mia_improvement_mean": -0.003657291666666674,
      "mia_improvement_std": 0.003379744500362631,
      "js_divergence_mean_mean": 0.40618544392287725,
      "js_divergence_mean_std": 0.00014319745398038165,
      "retrain_fraction_mean": 0.2875,
      "retrain_fraction_std": 0.0
    },
    {
      "dataset": "mnist",
      "strategy": "distillation",
      "n_seeds": 10,
      "utility_accuracy_test_mean": 0.9879831250000001,
      "utility_accuracy_test_std": 0.00047278549943102,
      "unlearning_score_mean": 0.010083125000000002,
      "unlearning_score_std": 0.0007017630327729328,
      "forget_confidence_mean_unlearned_mean": 0.9956499793380498,
      "forget_confidence_mean_unlearned_std": 0.0001749217097837777,
      "forget_entropy_mean_unlearned_mean": 0.011033783231396229,
      "forget_entropy_mean_unlearned_std": 0.00042635827513084215,
      "mia_accuracy_unlearned_mean": 0.5001895833333333,
      "mia_accuracy_unlearned_std": 0.0012416418093460103,
      "mia_improvement_mean": -0.0013574999999999978,
      "mia_improvement_std": 0.0021055991182095746,
      "js_divergence_mean_mean": 0.006321939907502383,
      "js_divergence_mean_std": 0.00039744021262240876,
      "activation_cosine_similarity_mean": 0.7180550692230463,
      "activation_cosine_similarity_std": 0.0068140866239743275,
      "retrain_fraction_mean": 0.7375,
      "retrain_fraction_std": 0.0
    },
    {
      "dataset": "mnist",
      "strategy": "mf",
      "n_seeds": 10,
      "utility_accuracy_test_mean": 0.446787375,
      "utility_accuracy_test_std": 0.07149825627596432,
      "unlearning_score_mean": 0.5502004375,
      "unlearning_score_std": 0.07144566014870464,
      "forget_confidence_mean_unlearned_mean": 0.5538161847926676,
      "forget_confidence_mean_unlearned_std": 0.06790719057428747,
      "forget_entropy_mean_unlearned_mean": 1.2677440031617881,
      "forget_entropy_mean_unlearned_std": 0.19329710879521972,
      "mia_accuracy_unlearned_mean": 0.49878541666666665,
      "mia_accuracy_unlearned_std": 0.0022355457791232015,
      "mia_improvement_mean": -0.00016020833333332997,
      "mia_improvement_std": 0.0033104389479589567,
      "js_divergence_mean_mean": 0.3381455472484231,
      "js_divergence_mean_std": 0.0410111787644165,
      "activation_cosine_similarity_mean": 0.36379766257479784,
      "activation_cosine_similarity_std": 0.06338855688624338,
      "retrain_fraction_mean": 0.04,
      "retrain_fraction_std": 0.0
    },
    {
      "dataset": "adult",
      "strategy": "exact_retraining",
      "n_seeds": 10,
      "utility_accuracy_test_mean": 0.84968,
      "utility_accuracy_test_std": 0.009566447442319784,
      "unlearning_score_mean": -0.016638303386316517,
      "unlearning_score_std": 0.0007815763563012602,
      "forget_confidence_mean_unlearned_mean": 0.8562309217453002,
      "forget_confidence_mean_unlearned_std": 0.0016938010102021412,
      "forget_entropy_mean_unlearned_mean": 0.3120138065889478,
      "forget_entropy_mean_unlearned_std": 0.0026483070860083835,
      "mia_accuracy_unlearned_mean": 0.5001291666666667,
      "mia_accuracy_unlearned_std": 0.010443085941496484,
      "mia_improvement_mean": 0.006766666666666669,
      "mia_improvement_std": 0.0071370566174364805,
      "js_divergence_mean_mean": 0.01696850767475553,
      "js_divergence_mean_std": 0.0008147931953723768,
      "activation_cosine_similarity_mean": 0.12338518390432,
      "activation_cosine_similarity_std": 0.00958881872777413,
      "retrain_fraction_mean": 0.7375,
      "retrain_fraction_std": 0.0
    },
    {
      "dataset": "adult",
      "strategy": "federated_exact_retraining",
      "n_seeds": 10,
      "utility_accuracy_test_mean": 0.8480125,
      "utility_accuracy_test_std": 0.00936936682611062,
      "unlearning_score_mean": -0.012262266758811327,
      "unlearning_score_std": 0.0015122388055212861,
      "forget_confidence_mean_unlearned_mean": 0.8804891215264797,
      "forget_confidence_mean_unlearned_std": 0.0012898988758570562,
      "forget_entropy_mean_unlearned_mean": 0.26078531101346014,
      "forget_entropy_mean_unlearned_std": 0.0026948667391434055,
      "mia_accuracy_unlearned_mean": 0.5053958333333334,
      "mia_accuracy_unlearned_std": 0.008991513703089125,
      "mia_improvement_mean": -0.0017041666666666704,
      "mia_improvement_std": 0.011315830200090665,
      "js_divergence_mean_mean": 0.016193136346992106,
      "js_divergence_mean_std": 0.0006883804842611245
    },
    {
      "dataset": "adult",
      "strategy": "sisa",
      "n_seeds": 10,
      "utility_accuracy_test_mean": 0.8490624999999999,
      "utility_accuracy_test_std": 0.006099308362429331,
      "unlearning_score_mean": -0.01529181064270905,
      "unlearning_score_std": 0.0006472414505679007,
      "forget_confidence_mean_unlearned_mean": 0.6588835205882788,
      "forget_confidence_mean_unlearned_std": 0.000811895098191651,
      "forget_entropy_mean_unlearned_mean": 0.6304463133215904,
      "forget_entropy_mean_unlearned_std": 0.0004216750900275079,
      "mia_accuracy_unlearned_mean": 0.5012833333333333,
      "mia_accuracy_unlearned_std": 0.007151113614390848,
      "mia_improvement_mean": -0.0008875000000000005,